item;regid;regidExtension;bit;bits;bitNums;invert;pos;size;expand;isSigned;isHex;visible;enable;clickable;percent100;floatdivisor;decimals;parent;label;format;image;imageOff;condition;expression;descText;tooltip;fontName;fontDesc;fontHeight;fontWidth;fontGap;fontWeight;fontFamily;border;onTop;isCaption;isUnit;colourText;colourBack;where;textOff;textOn;URL;command;script;action;descColour;unitsColour;descWidth;unitsWidth;spacing;descLeft;descOffsetX;descOffsetY;unitsOffsetX;unitsOffsetY;step;style;units
;;;;;;;;;;;;;;;;;;;;;;;;;;;;;;;;;;;;;;;;;;;;;;;;;;;;;;;;;;;
evaluate;;;;;;;;;;;;;;;;;;;;;;;FW=internalFirmware;;;;;;;;;;;;;;;;;;;;;;;;;;;;;;;;;;;;
evaluate;0x1b;;0;12;;;;;;0;;;;;;;;;;;;;FWm=x;;;;;;;;;;;;;;;;;;;;;;;;;;;;;;;;;;;;
evaluate;0x1b;;12;4;;;;;;0;;;;;;;;;;;;;FWs=x;;;;;;;;;;;;;;;;;;;;;;;;;;;;;;;;;;;;
;;;;;;;;;;;;;;;;;;;;;;;;;;;;;;;;;;;;;;;;;;;;;;;;;;;;;;;;;;;
evaluate;0xd9;;;;;;;;;;;;;;;;;;;;;;Adc200=x;;;;;;;;;;;;;;;;;;;;;;;;;;;;;;;;;;;;
evaluate;;;;;;;;;;;;;;;;;;;;;;;Adc150=(Adc200*3/4);;;;;;;;;;;;;;;;;;;;;;;;;;;;;;;;;;;;
evaluate;;;;;;;;;;;;;;;;;;;;;;;Adc100=(Adc200/2);;;;;;;;;;;;;;;;;;;;;;;;;;;;;;;;;;;;
evaluate;0xc6;;;;;;;;;;;;;;;;;;;;;;dA2adc=Adc100/x;;;;;;;;;;;;;;;;;;;;;;;;;;;;;;;;;;;;
;;;;;;;;;;;;;;;;;;;;;;;;;;;;;;;;;;;;;;;;;;;;;;;;;;;;;;;;;;;
evaluate;0xce;;;;;;;;;;;;;;;;;;;;;;nMax=x;;;;;;;;;;;;;;;;;;;;;;;;;;;;;;;;;;;;
evaluate;0x34;;;;;;;;;;;;;;;;;;;;;;nLim=x;;;;;;;;;;;;;;;;;;;;;;;;;;;;;;;;;;;;
;;;;;;;;;;;;;;;;;;;;;;;;;;;;;;;;;;;;;;;;;;;;;;;;;;;;;;;;;;;
;;;;;;;;;;;;;;;;;;;;;;;;;;;;;;;;;;;;;;;;;;;;;;;;;;;;;;;;;;;
;;;;;;;;;;;;;;;;;;;;;;;;;;;;;;;;;;;;;;;;;;;;;;;;;;;;;;;;;;;
;;;;;;;;;;;;;;;;;;;;;;;;;;;;;;;;;;;;;;;;;;;;;;;;;;;;;;;;;;;
;;;;;;;;;;;;;;;;;;;;;;;;;;;;;;;;;;;;;;;;;;;;;;;;;;;;;;;;;;;
evaluate;0x40;;;;;;;;;;;;;;;;;;;;;;nSTATUS=x;;;;;;;;;;;;;;;;;;;;;;;;;;;;;;;;;;;;
evaluate;;;;;;;;;;;;;;;;;;;;;;;enableStepGenerator=(nSTATUS&1)!=0;;;;;;;;;;;;;;;;;;;;;;;;;;;;;;;;;;;;
evaluate;;;;;;;;;;;;;;;;;;;;;;;checkDriveDisabled=(nSTATUS&1)==0;;;;;;;;;;;;;;;;;;;;;;;;;;;;;;;;;;;;
;;;;;;;;;;;;;;;;;;;;;;;;;;;;;;;;;;;;;;;;;;;;;;;;;;;;;;;;;;;
evaluate;0xdc;;0;8;;;;;;;;;;;;;;;;;;;DacSet=x&0xff;;;;;;;;;;;;;;;;;;;;;;;;;;;;;;;;;;;;
evaluate;;;;;;;;;;;;;;;;;;;trigger:rising;;;;true;;;;;;;;;;;;;;;;;;;;;;;loadEachMachine main settings\states\*.usm;;;;;;;;;;;;;
evaluate;;;;;;;;;;;;;;;;;;;trigger:true;;;;true;;;;;;;;;;;;;;;;;;;;;;;tickEachMachine 199;;;;;;;;;;;;;
evaluate;0x67;;0;8;;;;;;0;;;;;;;;;trigger:change;;;;TypNr=(x&0xff);;;;;;;;;;;;;;;;;;;;;;;"gotoMachine now main.OnChangeTypNr start;tickMachine now main.OnChangeTypNr 9999";;;;;;;;;;;;;
evaluate;0x01;;25;1;;;;;;0;;;;;;;;;trigger:change;;;;Legacy=(x==0);;;;;;;;;;;;;;;;;;;;;;;"gotoMachine now main.OnChangeTypNr start;tickMachine now main.OnChangeTypNr 9999";;;;;;;;;;;;;
//evaluate;;;;;;;;;;;;;;;;;;;trigger:rising;;;;true;;;;;;;;;;;;;;;;;;;;;;;"menuMachine 'main.URFcompare' 'fileWithFile' 'File' '<sep>Compare 2x Files';menuMachine 'main.URFcompare' 'driveWithFile' 'File' 'Compare Drive File'";;;;;;;;;;;;;
evaluate;;;;;;;;;;;;;;;;;;;trigger:rising;;;;true;;;;;;;;;;;;;;;;;;;;;;;"menuMachine 'main.URFcompare' 'fileWithFile' 'Extras' 'Compare 2x Files';menuMachine 'main.URFcompare' 'driveWithFile' 'Extras' 'Compare Drive File'";;;;;;;;;;;;;
;;;;;;;;;;;;;;;;;;;;;;;;;;;;;;;;;;;;;;;;;;;;;;;;;;;;;;;;;;;
;;;;;;;;;;;;;;;;;;;;;;;;;;;;;;;;;;;;;;;;;;;;;;;;;;;;;;;;;;;
;;;;;;;;;;;;;;;;;;;;;;;;;;;;;;;;;;;;;;;;;;;;;;;;;;;;;;;;;;;
evaluate;;;;;;;;;;;;;;;;;;;;;;;mBamoCar_700=((TypNr==0xC0)||(TypNr==0xC1));;;;;;;;;;;;;;;;;;;;;;;;;;;;;;;;;;;;
evaluate;;;;;;;;;;;;;;;;;;;;;;;BamoCar_400=((TypNr==0xCC)||(TypNr==0xCE));;;;;;;;;;;;;;;;;;;;;;;;;;;;;;;;;;;;
evaluate;;;;;;;;;;;;;;;;;;;;;;;BamoCar_700=((TypNr==0xCD)||(TypNr==0xCF));;;;;;;;;;;;;;;;;;;;;;;;;;;;;;;;;;;;
evaluate;;;;;;;;;;;;;;;;;;;;;;;BamoCar_900=(TypNr==0xC2);;;;;;;;;;;;;;;;;;;;;;;;;;;;;;;;;;;;
;;;;;;;;;;;;;;;;;;;;;;;;;;;;;;;;;;;;;;;;;;;;;;;;;;;;;;;;;;;
evaluate;;;;;;;;;;;;;;;;;;;;;;;DPC=((TypNr==0x3C)||(TypNr==0x41));;;;;;;;;;;;;;;;;;;;;;;;;;;;;;;;;;;;
evaluate;;;;;;;;;;;;;;;;;;;;;;;CUBE=((TypNr==0xC3)||(TypNr==0xC4));;;;;;;;;;;;;;;;;;;;;;;;;;;;;;;;;;;;
evaluate;;;;;;;;;;;;;;;;;;;;;;;IMD=((TypNr>=0x42)&&(TypNr<=0x4F))||(internalFirmware>1000);;;;;;;;;;;;;;;;;;;;;;;;;;;;;;;;;;;;
evaluate;;;;;;;;;;;;;;;;;;;;;;;STND=((DPC==0)&&(CUBE==0)&&(IMD==0));;;;;;;;;;;;;;;;;;;;;;;;;;;;;;;;;;;;
;;;;;;;;;;;;;;;;;;;;;;;;;;;;;;;;;;;;;;;;;;;;;;;;;;;;;;;;;;;
evaluate;;;;;;;;;;;;;;;;;;;;;;;IMD_a=(IMD==1)&&(TypNr==0x42);;;;;;;;;;;;;;;;;;;;;;;;;;;;;;;;;;;;
evaluate;;;;;;;;;;;;;;;;;;;;;;;IMD_n=(IMD==1)&&(TypNr!=0x42);;;;;;;;;;;;;;;;;;;;;;;;;;;;;;;;;;;;
evaluate;;;;;;;;;;;;;;;;;;;;;;;IMD_b=(IMD==1)&&((TypNr==0x43)||(TypNr==0x45));;;;;;;;;;;;;;;;;;;;;;;;;;;;;;;;;;;;
evaluate;;;;;;;;;;;;;;;;;;;;;;;IMD_c=(IMD==1)&&((TypNr==0x44)||(TypNr==0x46));;;;;;;;;;;;;;;;;;;;;;;;;;;;;;;;;;;;
evaluate;;;;;;;;;;;;;;;;;;;;;;;IMD_d=(IMD==1)&&(TypNr==0x47);;;;;;;;;;;;;;;;;;;;;;;;;;;;;;;;;;;;
evaluate;;;;;;;;;;;;;;;;;;;;;;;IMD_ab=((IMD_a==1)||(IMD_b==1));;;;;;;;;;;;;;;;;;;;;;;;;;;;;;;;;;;;
evaluate;0x01;;25;1;;;;;;0;;;;;;;;;;;;;IMD_legacy=(x==0);;;;;;;;;;;;;;;;;;;;;;;;;;;;;;;;;;;;
evaluate;;;;;;;;;;;;;;;;;;;;;;;IMD_cL=(IMD_c==1)&&(IMD_legacy==1);;;;;;;;;;;;;;;;;;;;;;;;;;;;;;;;;;;;
evaluate;;;;;;;;;;;;;;;;;;;;;;;IMD_cN=(IMD_c==1)&&(IMD_legacy==0);;;;;;;;;;;;;;;;;;;;;;;;;;;;;;;;;;;;
evaluate;;;;;;;;;;;;;;;;;;;;;;;IMD_dL=(IMD_d==1)&&(IMD_legacy==1);;;;;;;;;;;;;;;;;;;;;;;;;;;;;;;;;;;;
evaluate;;;;;;;;;;;;;;;;;;;;;;;IMD_dN=(IMD_d==1)&&(IMD_legacy==0);;;;;;;;;;;;;;;;;;;;;;;;;;;;;;;;;;;;
evaluate;;;;;;;;;;;;;;;;;;;;;;;Ats_3=(TypNr==0x08);;;;;;;;;;;;;;;;;;;;;;;;;;;;;;;;;;;;
;;;;;;;;;;;;;;;;;;;;;;;;;;;;;;;;;;;;;;;;;;;;;;;;;;;;;;;;;;;
evaluate;;;;;;;;;;;;;;;;;;;;;;;KH_a=((TypNr>=0xF0)&&(TypNr<=0xF1);;;;;;;;;;;;;;;;;;;;;;;;;;;;;;;;;;;;
evaluate;;;;;;;;;;;;;;;;;;;;;;;KH_a1=(TypNr==0xF0);;;;;;;;;;;;;;;;;;;;;;;;;;;;;;;;;;;;
evaluate;;;;;;;;;;;;;;;;;;;;;;;KH_a2=(TypNr==0xF1);;;;;;;;;;;;;;;;;;;;;;;;;;;;;;;;;;;;
;;;;;;;;;;;;;;;;;;;;;;;;;;;;;;;;;;;;;;;;;;;;;;;;;;;;;;;;;;;
evaluate;0x67;;16;3;;;;;;;;;;;;;;;;;;;CrdID=(x&0x07);;;;;;;;;;;;;;;;;;;;;;;;;;;;;;;;;;;;
evaluate;;;;;;;;;;;;;;;;;;;;;;;Crd_IN=(CrdID==0);;;;;;;;;;;;;;;;;;;;;;;;;;;;;;;;;;;;
evaluate;;;;;;;;;;;;;;;;;;;;;;;Crd_RS=(CrdID==1);;;;;;;;;;;;;;;;;;;;;;;;;;;;;;;;;;;;
evaluate;;;;;;;;;;;;;;;;;;;;;;;Crd_SC=(CrdID==2);;;;;;;;;;;;;;;;;;;;;;;;;;;;;;;;;;;;
evaluate;;;;;;;;;;;;;;;;;;;;;;;Crd_BL=(CrdID==3);;;;;;;;;;;;;;;;;;;;;;;;;;;;;;;;;;;;
evaluate;;;;;;;;;;;;;;;;;;;;;;;Crd_AS_HAL=(CrdID==4);;;;;;;;;;;;;;;;;;;;;;;;;;;;;;;;;;;;
evaluate;;;;;;;;;;;;;;;;;;;;;;;Crd_ATS=(CrdID==5);;;;;;;;;;;;;;;;;;;;;;;;;;;;;;;;;;;;
evaluate;;;;;;;;;;;;;;;;;;;;;;;Crd_hw6=(CrdID==6);;;;;;;;;;;;;;;;;;;;;;;;;;;;;;;;;;;;
evaluate;;;;;;;;;;;;;;;;;;;;;;;Crd_hw7=(CrdID==7);;;;;;;;;;;;;;;;;;;;;;;;;;;;;;;;;;;;
evaluate;;;;;;;;;;;;;;;;;;;;;;;Crd_xx=(Crd_IN==0)&&(Crd_RS==0)&&(Crd_SC==0);;;;;;;;;;;;;;;;;;;;;;;;;;;;;;;;;;;;
;;;;;;;;;;;;;;;;;;;;;;;;;;;;;;;;;;;;;;;;;;;;;;;;;;;;;;;;;;;
evaluate;;;;;;;;;;;;;;;;;;;;;;;CrdFB_big=((CrdFBstyle==0)||(driveOnline==0));;;;;;;;;;;;;;;;;;;;;;;;;;;;;;;;;;;;
evaluate;;;;;;;;;;;;;;;;;;;;;;;CrdFB_in=((CrdFBstyle==1)&&(driveOnline==1)&&(Crd_IN==1));;;;;;;;;;;;;;;;;;;;;;;;;;;;;;;;;;;;
evaluate;;;;;;;;;;;;;;;;;;;;;;;CrdFB_rs=((CrdFBstyle==1)&&(driveOnline==1)&&(Crd_RS==1));;;;;;;;;;;;;;;;;;;;;;;;;;;;;;;;;;;;
evaluate;;;;;;;;;;;;;;;;;;;;;;;CrdFB_sc=((CrdFBstyle==1)&&(driveOnline==1)&&(Crd_SC==1));;;;;;;;;;;;;;;;;;;;;;;;;;;;;;;;;;;;
evaluate;;;;;;;;;;;;;;;;;;;;;;;CrdFB_bl=((CrdFBstyle==1)&&(driveOnline==1)&&(Crd_BL==1));;;;;;;;;;;;;;;;;;;;;;;;;;;;;;;;;;;;
evaluate;;;;;;;;;;;;;;;;;;;;;;;CrdFB_as=((CrdFBstyle==1)&&(driveOnline==1)&&(Crd_AS_HAL==1));;;;;;;;;;;;;;;;;;;;;;;;;;;;;;;;;;;;
evaluate;;;;;;;;;;;;;;;;;;;;;;;CrdFB_ats=((CrdFBstyle==1)&&(driveOnline==1)&&(Crd_ATS==1));;;;;;;;;;;;;;;;;;;;;;;;;;;;;;;;;;;;
evaluate;;;;;;;;;;;;;;;;;;;;;;;CrdFB_hw6=((CrdFBstyle==1)&&(driveOnline==1)&&(Crd_hw6==1));;;;;;;;;;;;;;;;;;;;;;;;;;;;;;;;;;;;
evaluate;;;;;;;;;;;;;;;;;;;;;;;CrdFB_hw7=((CrdFBstyle==1)&&(driveOnline==1)&&(Crd_hw7==1));;;;;;;;;;;;;;;;;;;;;;;;;;;;;;;;;;;;
;;;;;;;;;;;;;;;;;;;;;;;;;;;;;;;;;;;;;;;;;;;;;;;;;;;;;;;;;;;
evaluate;0x67;;19;1;;;;;;;;;;;;;;;;;;;Crd_x8o=(x&0x01);;;;;;;;;;;;;;;;;;;;;;;;;;;;;;;;;;;;
;;;;;;;;;;;;;;;;;;;;;;;;;;;;;;;;;;;;;;;;;;;;;;;;;;;;;;;;;;;
evaluate;0x67;;24;2;;;;;;;;;;;;;;;;;;;PLD_N=(x&0x03);;;;;;;;;;;;;;;;;;;;;;;;;;;;;;;;;;;;
evaluate;0xdc;;17;3;;;;;;;;;;;;;;;;;;;PLD_mod=(x&0x07);;;;;;;;;;;;;;;;;;;;;;;;;;;;;;;;;;;;
;;;;;;;;;;;;;;;;;;;;;;;;;;;;;;;;;;;;;;;;;;;;;;;;;;;;;;;;;;;
;;;;;;;;;;;;;;;;;;;;;;;;;;;;;;;;;;;;;;;;;;;;;;;;;;;;;;;;;;;
;;;;;;;;;;;;;;;;;;;;;;;;;;;;;;;;;;;;;;;;;;;;;;;;;;;;;;;;;;;
;;;;;;;;;;;;;;;;;;;;;;;;;;;;;;;;;;;;;;;;;;;;;;;;;;;;;;;;;;;
evaluate;;;;;;;;;;;;;;;;;;;;;;;FnBleed=(IMD==1)||(Ats_3==1);;;;;;;;;;;;;;;;;;;;;;;;;;;;;;;;;;;;
evaluate;;;;;;;;;;;;;;;;;;;;;;;Allow_c7H=(((FW>=476)&&(FW<600))||(FW>=1078)||(Ats_3==1));;;;;;;;;;;;;;;;;;;;;;;;;;;;;;;;;;;;
evaluate;;;;;;;;;;;;;;;;;;;;;;;Allow_FUstop=(0);;;;;;;;;;;;;;;;;;;;;;;;;;;;;;;;;;;;
evaluate;;;;;;;;;;;;;;;;;;;;;;;DbgNew=((FW>=482)&&(FW<600));;;;;;;;;;;;;;;;;;;;;;;;;;;;;;;;;;;;
;;;;;;;;;;;;;;;;;;;;;;;;;;;;;;;;;;;;;;;;;;;;;;;;;;;;;;;;;;;
;;;;;;;;;;;;;;;;;;;;;;;;;;;;;;;;;;;;;;;;;;;;;;;;;;;;;;;;;;;
evaluate;0x67;;22;1;;;;;;;;;;;;;;;;;;;pcbSTO=(x&0x01);;;;;;;;;;;;;;;;;;;;;;;;;;;;;;;;;;;;
bitList;0xd8;_bit_;0;16;;;;;;;;(KH_a!=1)&&(Ats_3!=1)&&(pcbSTO==0);;;;;;;In-Out;;led_green;led_dimmed;;;;;;;;;;;;;;;;;;;;;;;;;;;;;;;;;;;;;
bitList;0xd8;_bitSto_;0;16;;;[2,170];[-1,11];;;;(KH_a!=1)&&(Ats_3!=1)&&(pcbSTO==1);;;;;;;In-Out;;led_green;led_dimmed;;;;;;;;;;;;;;;;;;;;;;;;;;;;;;;;;;;;;
bitList;0xd8;_bitKh_;0;16;;;[2,170];[-1,11];;;;(KH_a==1);;;;;;;In-Out;;led_green;led_dimmed;;;;;;;12;;;;;2;;;;;;;;;;;;;;;;;;;;;;;;;
bitList;0xd8;_bitAts_;0;16;;;[2,170];[-1,11];;;;(Ats_3==1);;;;;;;In-Out;;led_cyan;led_dimmed;;;;;;;12;;;;;2;;;;;;;;;;;;;;;;;;;;;;;;;
;;;;;;;;;;;;;;;;;;;;;;;;;;;;;;;;;;;;;;;;;;;;;;;;;;;;;;;;;;;
;;;;;;;;;;;;;;;;;;;;;;;;;;;;;;;;;;;;;;;;;;;;;;;;;;;;;;;;;;;
bitList;0x40;_bit_;0;16;;;;[-1,11];;;;;;;;;;;Status;;led_orange;led_dimmed;;;;;;;12;;;;;2;;;;;;;;;;;;;;;;;;;;;;;;;
bitList;0x40;_bit_;16;16;;;;[-1,11];;;;;;;;;;;Status;;led_orange;led_dimmed;;;;;;;12;;;;;2;;;;;;;;;;;;;;;;;;;;;;;;;
;;;;;;;;;;;;;;;;;;;;;;;;;;;;;;;;;;;;;;;;;;;;;;;;;;;;;;;;;;;
bitList;0x51;_bit_;2;1;;;[90,2];[-1,11];;;;;;1;;;;Test;!hide!;;led12x12_red;led12x12_dark;;;;;;;12;;;;;2;;;;;;;;;;;;;;;;;;;;;;;;;
;;;;;;;;;;;;;;;;;;;;;;;;;;;;;;;;;;;;;;;;;;;;;;;;;;;;;;;;;;;
;;;;;;;;;;;;;;;;;;;;;;;;;;;;;;;;;;;;;;;;;;;;;;;;;;;;;;;;;;;
button;;;;;;;;;;;;;;;;;;;Test +;;;;;;;;;;;;;1;;;;;;;;;;;;;;;;;;;;;;;;;;;
button;;;;;;;;;;;;;;;;;;;Test O;;;;;;;;;;;;;1;;;;;;;;;;;;;;;;;;;;;;;;;;;
button;;;;;;;;;;;;;;;;;;;Test -;;;;;;;;;;;;;1;;;;;;;;;;;;;;;;;;;;;;;;;;;
editRead;;;;;;;;[92,30];;;;;;;;;;;SPEED RPM;;;;;;;;;;;;;;;;;;;;;;;;;;;;;;;;;;;;;;;wxTE_RIGHT;
editRead;;;;;;;;[92,30];;;;;;;;;;;CURRENT A rms;;;;;;;;;;;;;;;;;;;;;;;;;;;;;;;;;;;;;;;wxTE_RIGHT;
gauge;;;;;;;;[137,12];;;;;;;;;;;SPEED GAUGE;;;;;;;;;;;;;;;;;;;;;;;;;;;;;;;;;;;;;;;;
gauge;;;;;;;;[137,12];;;;;;;;;;;CURRENT GAUGE;;;;;;;;;;;;;;;;;;;;;;;;;;;;;;;;;;;;;;;;
editRead;;;;;;;;[180,50];;;;;;;;;;;Warnings;;;;;;;;;;;;;;;;;;;;;;;;;;;;;;;;;;;;;;;;
editRead;;;;;;;;[180,50];;;;;;;;;;;Errors;;;;;;;;;;;;;;;;;;;;;;;;;;;;;;;;;;;;;;;;
