iDeviceNr;extraCommentField;iDeviceFam;iDeviceTxt;iDevAna;iDevFB2;,,;iVdcBusDP;,,;iVdcBusFDiv;iVdcBatFDiv;,,;iVdcBusAltFDiv;iVdcBatAltFDiv;..;iTigbtAvail;..;iTigbtFam;iTigbtRTD;,,;iTairRTD;..;iI_dc;iI_u;..;iDevX8
;;;;;;;;;tms_#5;;;;;;;;;tms_#6;;tms_#17;;tms_#17;tms_#19;;X8 (d9)
~~~~~~~~;*******************;~~~~~~~~~;***************;~~~~~~~;********;#;~~~~~~~~~;#;***********;~~~~~~~~~;#;***********;~~~~~~~~~;#;***********;;~~~~~~~~;***********;#;~~~~~~~~;#;********;~~~~~~~~;#;*******
0x08;ats3;ATS;ATS_3;;0;;0;;"""31.08151""";;;;;;0;;;kty83;;tc1047;;;;;no
0x10;ds-205;DS;;;1;;1;;"""54.41300""";;;;;;0;;;;;kty82-2xx;;;;;
0x11;ds-403;DS;;;1;;1;;"""27.80478""";;;;;;0;;;;;kty82-2xx;;;;;
0x19;ds-450;DS;;;1;;0;;"""30.28168""";;;;;;0;;;;;kty82-2xx;;;;;
0x30;ds4820;dsBrick;dsBrick;;;;1;;"""434.86211""";;;;;;0;;;;;kty82-2xx;;;;;
0x38;ds8020;dsBrick;dsBrick;;;;1;;"""434.86211""";;;;;;0;;;;;kty82-2xx;;;;;
0x3C;dpc 440;dpc;;;;;1;;"""29.38564""";"""59.56905""";;;;;2;;ntc;ntc (infineon);;kty82-2xx;;;;;
0x41;dpc 460;dpc;;;;;1;;"""29.38564""";"""59.56905""";;;;;2;;ntc;ntc (infineon);;kty82-2xx;;;;;
0x42;imd122a (deif);IMD;IMD_122a;;1;;0;;"""29.38564""";;;;;;2;;ntc;ntc (infineon);;kty82-2xx;;;;;
0x43;imd122b (deif);IMD;IMD_122b;;1;;0;;"""29.89008""";"""59.56905""";;;;;2;;ntc;ntc (infineon);;kty82-2xx;;;;;
0x44;imd122c (proto);IMD;;;1;;0;;"""32.04650""";;;"""29.89008""";;;2;;ntc;ntc (infineon);;kty82-2xx;;;;;
0x45;imd122b (plus);IMD;;;1;;0;;"""29.89008""";"""58.38564""";;;;;2;;ntc;ntc (infineon);;kty82-2xx;;;;;
0x46;imd122c (deif);IMD;IMD_122c;;1;;0;;"""32.04650""";"""53.32271""";;"""29.89008""";"""59.56905""";;2;;ntc;ntc (infineon);;tc1047;;;;;no
0x47;imd135   (deif);IMD;IMD_135a;;1;;0;;"""31.45261""";"""53.32271""";;"""29.89008""";;;3;;ntc;ntc (infineon);;tc1047;;;;;
0x70;BaMobil (iso);BaM-I;;;;;1;;"""361.66049""";;;;;;1;;;kty82-2xx;;kty82-2xx;;;;;
0x71;BaMobil;BaM;;;;;1;;"""422.84769""";;;;;;1;;;kty82-2xx;;kty82-2xx;;;;;
0x72;BaMobil (iso);BaM-I;;;;;1;;"""361.66049""";;;;;;1;;;kty82-2xx;;kty82-2xx;;;;;
0x73;BaMobil;BaM;;;;;1;;"""422.84769""";;;;;;1;;;kty82-2xx;;kty82-2xx;;;;;
0x74;BaMobil (iso);BaM-I;;;;;1;;"""361.66049""";;;;;;1;;;kty82-2xx;;kty82-2xx;;;;;
0x75;BaMobil;BaM;;;;;1;;"""422.84769""";;;;;;1;;;kty82-2xx;;kty82-2xx;;;;;
0x76;BaMobil (iso);BaM-I;;;;;1;;"""361.66049""";;;;;;1;;;kty82-2xx;;kty82-2xx;;;;;
0x77;BaMobil;BaM;;;;;1;;"""422.84769""";;;;;;1;;;kty82-2xx;;kty82-2xx;;;;;
0x78;BaMobil (iso);BaM-I;;;;;1;;"""361.66049""";;;;;;1;;;kty82-2xx;;kty82-2xx;;;;;
0x79;BaMobil;BaM;;;;;1;;"""422.84769""";;;;;;1;;;kty82-2xx;;kty82-2xx;;;;;
0x7A;BaMobil (iso);BaM-I;;;;;1;;"""177.29321""";;;;;;1;;;kty82-2xx;;kty82-2xx;;;;;
0x7B;BaMobil;BaM;;;;;1;;"""211.38978""";;;;;;1;;;kty82-2xx;;kty82-2xx;;;;;
0x7C;BaMobil (iso);BaM-I;;;;;1;;"""177.29321""";;;;;;1;;;kty82-2xx;;kty82-2xx;;;;;
0x7D;BaMobil;BaM;;;;;1;;"""211.38978""";;;;;;1;;;kty82-2xx;;kty82-2xx;;;;;
0x7E;BaMobil (iso);BaM-I;;;;;1;;"""177.29321""";;;;;;1;;;kty82-2xx;;kty82-2xx;;;;;
0x7F;BaMobil;BaM;;;;;1;;"""211.38978""";;;;;;1;;;kty82-2xx;;kty82-2xx;;;;;
0x80;BaMobil (iso);Bam;BaM.i_48V_475A;;;;1;;"""364.71558""";;;;;;1;;;kty82-2xx;;pt1000;;;I_U;;
0xB2;RI-SIC  1200-225;BaC;OEM_1200_225;;;;0;;"""23.63103""";;;;;;1;;ntc;ntc (infineon);;;;;I_U;;
0xC0;mBamoCar 700-160;mBaC;BaC.m_700V_80A;;0;;0;;"""31.45311""";;;;;;1;;ntc;ntc (infineon);;I_dc;;I_dc;I_U;;no
0xC1;mBamoCar 700-100;mBaC;BaC.m_700V_50A;;;;0;;"""31.45311""";;;;;;1;;ntc;ntc (infineon);;I_dc;;I_dc;I_U;;no
0xC2;BaC 700-900;BaC;;;;;0;;"""31.37955""";;;;;;1;;ntc;ntc (infineon);;I_dc;;I_dc;I_U;;
0xC3;BamoCar.C 700-100;cBaC;BaC.c_700V_50A;;;;0;;"""32.04650""";;;;;;1;;ntc;ntc (infineon);;tc1047;;;;;no
0xC4;BamoCar.C2 700-100;cBaC;BaC.c_700V_67A;;;;0;;"""32.04650""";;;;;;1;;ntc;ntc (infineon);;tc1047;;;;;no
0xC6;BAC-400-160-F-2RS;fBAC;BAC.f_400V_80A;;;;0;;"""31.45351""";;;;;;1;;;pt1000;;tc1047;;;;;no
0xC7;BAC-400-400-F-1RS;fBAC;BAC.f_700V_200A;;;;0;;"""55.12044""";;;;;;1;;;pt1000;;tc1047;;;;;no
0xCB;BamoCar 400-DC;BaC;BaC_400V;;;;0;;"""55.12044""";;;;;;3;;ntc;ntc (infineon);;kty82-2xx;;;;;no
0xCC;BamoCar 400-400;BaC;BaC_400V_200A;;;;0;;"""55.12044""";;;;;;3;;ntc;ntc (infineon);;kty82-2xx;;;;;no
0xCD;BamoCar 700-400;BaC;BaC_700V_200A;;;;0;;"""31.58483""";"""59,12345""";;;;;3;;ntc;ntc (infineon);;kty82-2xx;;;;;no
0xCE;BamoCar 400-250;BaC;BaC_400V_125A;;;;0;;"""55.12044""";;;;;;3;;ntc;ntc (infineon);;kty82-2xx;;;;;no
0xCF;BamoCar 700-250;BaC;BaC_700V_125A;;;;0;;"""31.58483""";;;;;;3;;ntc;ntc (infineon);;kty82-2xx;;;;;no
0xF0;Koefper 1sr 700-400;KH;;;;;0;;"""15.84700""";;;;;;1;;;pt1000;;tc1047;;;;;no
0xF1;Koefper 2sr 700-400;KH;;;;;0;;"""31.84280""";;;;;;1;;;pt1000;;tc1047;;;;;no
0xF2;Koefper  pg 700-400;KH;;;;;0;;"""31.84280""";;;;;;1;;;pt1000;;tc1047;;;;;no
0xF3;KO-V500__900348;KH;;;;;0;;"""31.84280""";;;;;;1;;;pt1000;;tc1047;;;;;no
0xF4;KO-V500__900367;KH;;;;;0;;"""31.84280""";;;;;;1;;;pt1000;;tc1047;;;;;no
